type,date,name,cost,link,detail
task,2017/04/01,任务1,10,none,none
task,2017/04/03,任务1,20,none,none
task,2017/04/08,任务1,30,none,none
think,2017/04/04,任务1,80,http://www.baidu.com,none
task,2017/04/03,任务1,20,none,none
task,2017/04/08,任务1,30,none,none
think,2017/04/04,任务1,80,http://www.baidu.com,none
task,2017/04/03,任务1,20,none,none
task,2017/04/08,任务1,30,none,none
task,2017/04/04,任务1,80,http://www.baidu.com,none
task,2017/04/03,任务1,20,none,none
task,2017/04/08,任务1,30,none,none
task,2017/04/04,任务1,80,http://www.baidu.com,none
task,2017/04/04,任务1,80,http://www.baidu.com,none
think,2017/04/04,任务1,80,http://www.baidu.com,none
task,2017/04/04,任务1,80,http://www.baidu.com,none
task,2017/04/04,任务1,80,http://www.baidu.com,none
task,2017/04/04,任务1,80,http://www.baidu.com,none
task,2017/04/04,任务1,80,http://www.baidu.com,none
task,2017/04/04,任务1,80,http://www.baidu.com,none
task,2017/04/04,任务1,80,http://www.baidu.com,none
task,2017/04/04,任务1,80,http://www.baidu.com,none
task,2017/04/04,任务1,80,http://www.baidu.com,none